AUC,Brier,ECE
0.7391769148254045,0.18070400574842152,0.005164820032447781
