bin,n,mean_pred,emp_rate
1,0,,
2,0,,
3,0,,
4,0,,
5,6,0.40371374718850256,0.3333333333333333
6,112,0.4717520129514048,0.4642857142857143
7,373,0.5436747370523012,0.5093833780160858
8,661,0.6263928604555064,0.6051437216338881
9,663,0.705680725939091,0.7450980392156863
10,217,0.7742350756401071,0.8110599078341014
11,0,,
12,0,,
