AUC,Brier,ECE
0.6402201701835387,0.21721250782970367,0.03061984886996348
