bin,n,mean_pred,emp_rate
1,0,,
2,0,,
3,215,0.23287671232876714,0.3209302325581395
4,5,0.2567833976998789,0.2
5,2221,0.39876093470941965,0.4475461503827105
6,1751,0.48725790618010467,0.5054254711593376
7,2363,0.5616031084307688,0.5670757511637748
8,4570,0.636990277888893,0.6299781181619256
9,2821,0.6895057921347835,0.7089684509039348
10,3338,0.7948205770789278,0.7783103654883163
11,1725,0.8673396792954683,0.8863768115942029
12,636,0.9652357097173022,0.9591194968553459
