AUC,Brier,ECE
0.6801805996111737,0.20563046818096217,0.017872254015267132
