AUC,Brier,ECE
0.7501608906697286,0.17472050234739955,0.004847207718125744
