AUC,Brier,ECE
0.7517622234044473,0.17322596980677482,0.006934094679592987
