AUC,Brier,ECE
0.6828116021212991,0.20358340114828113,0.013762753625638625
