bin,n,mean_pred,emp_rate
1,0,,
2,0,,
3,1,0.24439830400390847,0.0
4,13,0.29843455899513766,0.15384615384615385
5,123,0.3829373667587805,0.4146341463414634
6,280,0.4584795460936592,0.45714285714285713
7,397,0.5438147250662857,0.5314861460957179
8,560,0.6286341256733083,0.6625
9,489,0.7069153582118686,0.7116564417177914
10,308,0.787916358338876,0.7337662337662337
11,285,0.8782371737585727,0.8842105263157894
12,119,0.9242644907905473,0.957983193277311
