AUC,Brier,ECE
0.6888878638344638,0.20188654066217834,0.021346764705863983
