AUC,Brier,ECE
0.7499027059789751,0.17373298389522093,0.00872644627091694
