bin,n,mean_pred,emp_rate
1,0,,
2,0,,
3,460,0.2266666666666666,0.31956521739130433
4,12,0.28571428571428564,0.3333333333333333
5,2687,0.3778486293352015,0.3985857834015631
6,6362,0.47807543564234517,0.49434140207481925
7,7983,0.5540099263955576,0.5590630088938995
8,11809,0.6410086668951499,0.6395969176052163
9,4810,0.7074869353351265,0.7164241164241164
10,7824,0.7784480503901223,0.779780163599182
11,5057,0.8662143266894488,0.8684991101443543
12,1860,0.9617075258620886,0.9559139784946237
