AUC,Brier,ECE
0.6842157194507441,0.20439389730991764,0.006861086302681554
